{
  "level": 3,
  "description": "Recover the full key and plaintext from ciphertext turns only, no hints provided",
  "known": {
    "turns": [
      0.34048094093118647,
      0.6974993931615522,
      0.7988316117863591,
      0.2948396435268846,
      1.432374911341986,
      0.7735643265034194,
      0.39392342948700904,
      0.7345205363056466,
      0.6056959052243279,
      0.45089403933873556,
      0.5298001217874735,
      0.5306049905268707,
      0.9432231801110337,
      0.7494812765364754,
      0.0753199573691052,
      0.9349099048935644,
      0.09023338868587638,
      1.098200695196598,
      0.696007702508254,
      0.590537042021769,
      0.2111364377215619,
      0.10114604668945475,
      0.072062996886682,
      1.6696193844328078,
      1.090473878262885,
      0.8980143948973001,
      1.037203206886006,
      0.01659961527516742,
      1.22560609139423,
      0.520299381390364,
      0.33813685210772915,
      0.013428709356940625,
      0.5190994000492714,
      1.1011710105266395,
      0.15426635498606225,
      1.5441020458983594,
      0.5292308113334762,
      0.034840425770099964,
      0.6305102130364502,
      0.10486004289700175,
      0.04552854567765402,
      0.1167376426894974,
      0.5065670658497851,
      0.4875613388279006,
      0.8242583443553197,
      0.8734669659085733,
      0.5316301622449803,
      0.011666256996139093,
      0.8792849123330336,
      0.002388811910290836,
      1.0312152194021753,
      0.8344068988777777,
      0.1691480087017279,
      0.209042723630819,
      1.0367688656910787,
      0.07696856432035207,
      1.579053050548028,
      0.5562780012724767,
      0.33465688867810967,
      1.0555503541599038,
      0.6711991373956643,
      0.4624675386453502,
      1.4042596824239113,
      0.9977023990742238,
      1.5732135227506934,
      0.4774208004966193,
      0.030891572658518777,
      1.8824836184238452,
      0.0310935823764971,
      0.35703790104934846,
      0.16493716854489474,
      0.16281350806966244,
      1.1266619225433199,
      1.0433114108833828,
      1.345798572738264,
      0.4383532903707684,
      0.1177857824680326,
      0.8876837643687742,
      0.19710632605413753,
      0.46158287837179596,
      0.46083708098184656,
      0.07450549496094842,
      1.0060123609991325,
      0.5777086128575228,
      0.961065380197511,
      0.0783095698040527,
      0.3784894968830898,
      0.39919050761003216,
      0.36138203518610273,
      1.7446742079757827,
      0.3611052981311748,
      1.330311036933322,
      0.8362467455037905,
      0.2370949788197076,
      1.247252971882535,
      0.29460854761873834,
      0.0907268668743199,
      0.8663876802967375,
      0.005012644163794812,
      0.03237413711191662
    ],
    "plaintext_length": 100
  }
}